idade,genero,renda,compras_ano_passado,satisfacao
36,Feminino,411.2659812347083,9,Media
69,Feminino,1221.3917064243644,4,Baixa
65,Feminino,1134.7364119328302,4,Baixa
20,Masculino,3910.18673892502,2,Baixa
66,Feminino,2349.845446239455,8,Baixa
73,Feminino,3047.5059636381948,6,Media
73,Feminino,1412.8491523708458,7,Media
36,Feminino,3183.0041323566543,2,Baixa
31,Feminino,2895.161032966609,3,Alta
